
-- EMP
INSERT INTO EMP VALUES (1652352, JIHOON, 2018-12-26, 010-3454-9695 , SEOUL, 0010, 0001);
INSERT INTO EMP VALUES (3528302, EUNKYUNG, 2017-03-01, 010-3954-5934, INCHEON, 0020, 0002);
INSERT INTO EMP VALUES (1258203, JIHO, 2015-11-20, 010-9954-2956, SEOUL, 0040, 0003);
INSERT INTO EMP VALUES (3969464, WOORI, 2020-02-09, 010-5694-1123, BUCHEON, 0030,0002);
INSERT INTO EMP VALUES (8966489, AREUM, 1999-06-29, 010-1121-9565, BUSAN, 0050, 0004);
INSERT INTO EMP VALUES (9826448, DONGHO, 2005-03-05, 010-6954-4431, GWANGJU, 0040, 0001);
INSERT INTO EMP VALUES (6764853, JIEUN, 2012-08-01, 010-3463-3346, SOKCHO, 0010, 0002);
INSERT INTO EMP VALUES (5513164, SIHO, 2014-10-10, 010-2345-4495, SEOUL, 0020, 0003);
INSERT INTO EMP VALUES (3364892, SIWOO, 2022-03-02, 010-3994-0033, DONGHAE, 0030, 0001);
INSERT INTO EMP VALUES (1232199, WOOJOO, 2013-06-01, 010-8965-4496, SUWON, 0040, 0003);
INSERT INTO EMP VALUES (2011503, NAMHO, 2009-01-02, 010-2993-5594, SEONGNAM, 0010,0004);
INSERT INTO EMP VALUES (3978838, NARI, 2016-12-15, 010-8876-5813, HWASUNG, 0030,0003);
INSERT INTO EMP VALUES (2266894, YONGHO, 2011-10-22, 010-3392-9985, DAEGU, 0020,0001);
INSERT INTO EMP VALUES (0093392, JAEYONG, 2003-05-19, 010-5564-1928, DAEJEON, 0050, 0002);
INSERT INTO EMP VALUES (0684951, JAYEON, 1995-03-02, 010-2939-4902, SEOUL, 0030, 0002);
INSERT INTO EMP VALUES (2929485, HYOSOOK, 2005-05-25, 010-8694-1122, JEONJU, 0050, 0002);
INSERT INTO EMP VALUES (8981123, HAYEON, 2019-11-02, 010-2243-0923, BUSAN, 0020, 0001);
INSERT INTO EMP VALUES (9938201, ROHEE, 2015-03-26, 010-9302-4564, SEOUL, 0010, 0003);
INSERT INTO EMP VALUES (3758392, WOONGHEE, 2006-06-23, 010-7686-2693, HANAM, 0020, 0001);
INSERT INTO EMP VALUES (1259295, WONHO, 2010-10-11, 010-3434-8833, DAEGU, 0010, 0004);


--DEPT   (상위부서 확인)
INSERT INTO DEPT VALUES (0010, HR, ? , 3);
INSERT INTO DEPT VALUES (0020, TRADING, ? , 4);
INSERT INTO DEPT VALUES (0030, MARKETING, ? , 2);
INSERT INTO DEPT VALUES (0040, SALES, ? , 1);
INSERT INTO DEPT VALUES (0050, ACCOUNTING, ? , 5);


--DEPT_HISTORY
INSERT INTO DEPT_HISTORY VALUES (1259295, 0020, 2010-10-11, 2012-12-31);
INSERT INTO DEPT_HISTORY VALUES (1259295, 0040, 2013-01-02, 2014-12-31);
INSERT INTO DEPT_HISTORY VALUES (1259295, 0050, 2015-01-02, 2015-07-01);
INSERT INTO DEPT_HISTORY VALUES (1652352, 0030, 2018-12-26, 2020-03-31);
INSERT INTO DEPT_HISTORY VALUES (1258203, 0050, 2015-11-20, 2015-12-31);
INSERT INTO DEPT_HISTORY VALUES (1258203, 0010, 2016-01-01, 2018-07-31);
INSERT INTO DEPT_HISTORY VALUES (1258203, 0020, 2018-08-01, 2022-12-31);
INSERT INTO DEPT_HISTORY VALUES (8966489, 0040, 1999-06-29, 2005-12-31);
INSERT INTO DEPT_HISTORY VALUES (8966489, 0020, 2006-01-01, 2007-02-28);
INSERT INTO DEPT_HISTORY VALUES (6764853, 0020, 2012-08-01, 2020-12-31);
INSERT INTO DEPT_HISTORY VALUES (3978838, 0050, 2016-12-15, 2016-12-31);
INSERT INTO DEPT_HISTORY VALUES (3978838, 0010, 2017-01-02, 2018-10-30);
INSERT INTO DEPT_HISTORY VALUES (3978838, 0040, 2018-11-01, 2023-01-31);
INSERT INTO DEPT_HISTORY VALUES (0684951, 0020, 1995-03-02, 2023-01-31);
INSERT INTO DEPT_HISTORY VALUES (1232199, 0010, 2013-06-01, 2014-12-31);
INSERT INTO DEPT_HISTORY VALUES (1232199, 0050, 2015-01-01, 2018-03-15);






-- BONUS
INSERT INTO BONUS VALUES (1, 5);
INSERT INTO BONUS VALUES (2, 4);
INSERT INTO BONUS VALUES (3, 3);
INSERT INTO BONUS VALUES (4, 2);
INSERT INTO BONUS VALUES (5, 1);

--SALARY
INSERT INTO SALARY VALUES (1500000, 0);
INSERT INTO SALARY VALUES (2000000, 5);
INSERT INTO SALARY VALUES (2500000, 10);
INSERT INTO SALARY VALUES (3000000, 15);
INSERT INTO SALARY VALUES (3500000, 20);
INSERT INTO SALARY VALUES (4000000, 25);
INSERT INTO SALARY VALUES (4500000, 30);

-- JOB
INSERT INTO JOB VALUES (1, MANAGER);
INSERT INTO JOB VALUES (2, CLERK);
INSERT INTO JOB VALUES (3, DEVELOPER);
INSERT INTO JOB VALUES (4, LEADER);


-- CERTIFICATE
INSERT INTO CERTIFICATE VALUES (1652352, 1,0,0,1);
INSERT INTO CERTIFICATE VALUES (3528302, 0,1,0,1);
INSERT INTO CERTIFICATE VALUES (1258203, 0,1,1,0);
INSERT INTO CERTIFICATE VALUES (3969464, 1,0,1,1);
INSERT INTO CERTIFICATE VALUES (8966489, 0,1,1,1);
INSERT INTO CERTIFICATE VALUES (9826448, 1,1,0,1);
INSERT INTO CERTIFICATE VALUES (6764853, 0,0,1,1);
INSERT INTO CERTIFICATE VALUES (5513164, 0,1,1,1);
INSERT INTO CERTIFICATE VALUES (3364892, 1,0,1,1);
INSERT INTO CERTIFICATE VALUES (1232199, 0,0,1,1);
INSERT INTO CERTIFICATE VALUES (2011503, 0,0,0,1);
INSERT INTO CERTIFICATE VALUES (3978838, 1,1,1,1);
INSERT INTO CERTIFICATE VALUES (2266894, 0,1,1,1);
INSERT INTO CERTIFICATE VALUES (0093392, 0,0,0,0);
INSERT INTO CERTIFICATE VALUES (0684951, 1,1,1,1);
INSERT INTO CERTIFICATE VALUES (2929485, 0,1,1,1);
INSERT INTO CERTIFICATE VALUES (8981123, 1,0,0,0);
INSERT INTO CERTIFICATE VALUES (9938201, 0,1,0,1);
INSERT INTO CERTIFICATE VALUES (3758392, 1,1,1,1);
INSERT INTO CERTIFICATE VALUES (1259295, 0,1,1,1);